age,income,credit_score,years_employed,debt_to_income,loan_approved
56,145055,680,33,0.35630922078229776,1
69,81268,735,39,0.01165372380102312,1
46,112201,782,10,0.19791979764667664,1
32,58243,324,2,0.6930339487857451,0
60,77384,416,32,0.131702742606935,1
25,51653,781,10,0.3320999516277769,1
38,46657,691,15,0.011464724693601004,1
56,59952,836,17,0.3826683853364447,1
36,42180,378,29,0.016816885380973725,1
40,117432,472,9,0.6556876424526399,1
28,141829,311,17,0.659883013989683,1
28,148377,427,37,0.630193750641896,1
41,98411,391,18,0.22669125511289456,1
53,21622,842,35,0.6697897745774545,0
57,68756,831,12,0.4343985060842155,1
41,60809,746,2,0.299046487093602,1
20,36725,689,9,0.5002639677633864,1
39,81396,342,37,0.009872836848299205,1
19,71226,553,0,0.11436870208060174,1
41,126296,429,26,0.5938348305362102,1
61,101182,359,7,0.1953292869729224,1
47,102565,766,16,0.47840729386299974,1
55,49402,586,8,0.30808208225842376,1
19,24263,816,5,0.6838446230394092,1
38,143489,766,24,0.7619322447973149,1
50,116523,644,38,0.7068517826961523,1
29,66828,681,27,0.21649599575487732,1
39,140824,552,32,0.1553302952368658,1
61,67924,355,36,0.379547914896588,1
42,94182,762,8,0.005867320668944221,1
66,113065,756,17,0.02064751429054539,1
44,79052,382,20,0.44263251169840007,1
59,31664,398,1,0.4163595233322288,0
45,55737,448,37,0.795665591228208,0
33,121332,628,39,0.1614734682910065,1
32,109563,455,35,0.20648314332837475,1
64,49373,489,36,0.09083251386102936,1
68,137369,793,14,0.7340344077229958,1
61,56397,562,27,0.6222489955667606,1
69,148575,379,17,0.657871289165478,1
20,106145,699,33,0.722211030371607,1
54,121371,559,21,0.41991998938067066,1
68,58709,400,10,0.36095455316057895,1
24,136074,658,12,0.26431317893249323,1
38,81120,679,3,0.4713716914782844,1
26,39250,520,21,0.36342271743185806,0
56,41172,719,6,0.3612524692844601,1
35,31555,423,23,0.7495422909849112,0
21,107410,721,3,0.7872252114233041,1
42,98617,530,27,0.6371875114636647,1
31,73276,362,14,0.6054064721975427,0
67,77492,784,0,0.5444465294232812,1
26,73002,782,2,0.13285988186681097,1
43,140103,818,13,0.04728465670052362,1
19,144938,454,37,0.5525810520906105,1
37,109599,391,0,0.5830289778052608,1
45,92355,825,37,0.037578392878511835,1
64,111248,754,37,0.7424414001830786,1
24,44762,809,20,0.07291251155574204,1
61,31046,482,28,0.22872042701696194,1
25,116999,685,4,0.5379118502389636,1
64,144130,704,9,0.13589807552358107,1
52,136021,545,27,0.04433271075379555,1
31,48769,770,20,0.26491719133131986,1
34,73302,722,6,0.6127772598841433,1
53,43150,364,2,0.33094294318820827,0
67,88247,312,19,0.5223783375263514,1
57,24853,512,18,0.46369527778250935,0
21,114613,541,34,0.01777478562046433,1
19,140900,792,3,0.7908319896365654,1
23,109399,512,4,0.03314247105551021,1
59,41792,637,0,0.774242190118788,0
21,79129,472,3,0.4398913426915185,0
46,126019,463,11,0.7705272216520532,1
35,94478,764,26,0.09180287953106836,1
43,133811,796,22,0.3923268153484106,1
61,134130,694,24,0.13560327349284693,1
51,87298,607,20,0.04077990161795393,1
27,51987,482,23,0.4940232920498493,1
53,35850,809,24,0.16622673676935318,1
31,32112,845,31,0.4701576146300368,1
48,141789,526,31,0.08989158555918851,1
65,44058,735,4,0.2655891771461622,1
32,65420,721,35,0.6253060464425978,1
25,58890,320,38,0.34964121747375015,1
31,86017,696,15,0.5021963319178692,1
40,67304,404,32,0.5179663525964368,0
57,52921,491,20,0.675004035189835,1
38,125921,316,8,0.25993823552531303,1
33,21524,419,5,0.5498364500660141,0
62,120424,692,34,0.7692926456369326,1
35,35048,724,38,0.5841946674862944,0
64,55111,428,21,0.39189638137419563,0
41,57904,429,4,0.5045739555935435,1
43,74912,328,22,0.5917463182104865,1
42,54008,396,16,0.48982061255509796,0
62,20060,309,11,0.013340650791871323,0
58,94666,541,22,0.1558187981497807,1
46,103559,531,15,0.6483745737723728,1
32,75337,583,2,0.21812051784998776,1
62,130616,499,29,0.5852496956489072,1
18,33350,378,21,0.297696172193359,1
42,44354,472,8,0.41750746252635457,1
24,65186,766,28,0.054378639855522964,1
26,48145,715,36,0.14498044883976766,1
41,54020,748,22,0.7657575708153876,1
18,106123,386,12,0.7121104427575312,1
61,126667,400,31,0.5218200887192402,1
25,95186,307,22,0.36771567790858994,1
41,105469,499,16,0.540609034316179,1
28,40581,804,39,0.49488823127515125,1
68,108929,386,20,0.4548418044836897,1
34,43051,342,1,0.04734165749083346,1
25,71474,684,36,0.5062420885292055,1
52,111748,734,5,0.6151360356569348,1
52,145995,707,17,0.7952653237164604,1
50,134618,782,29,0.008862842075447741,1
22,89626,316,21,0.5841387626485414,1
59,26960,447,32,0.4574314527487844,0
56,55772,576,29,0.3472417408647654,1
58,41520,531,16,0.1020561396570967,1
45,69481,665,31,0.327268118907901,1
24,56408,527,13,0.28350174638890824,1
26,114006,735,9,0.24226391118299376,1
25,148496,698,35,0.5847036986577662,1
29,77134,510,33,0.560580417027411,1
51,40491,690,8,0.47121607278472927,0
50,21341,798,27,0.7509318506346978,0
65,64623,839,10,0.2798835073446836,1
40,110327,790,13,0.19504155016814365,1
41,20338,741,38,0.5247226504787197,1
54,91431,560,18,0.15905124874992238,1
52,32254,649,14,0.2520084057467397,0
61,71860,651,27,0.1796819520599079,1
57,31344,819,23,0.055322854174800984,1
39,21750,619,7,0.6619989933085387,0
44,74756,437,8,0.20363243433732894,1
52,87957,849,32,0.37842200267441656,1
18,125423,667,32,0.03465221860344956,1
52,78053,519,18,0.5594715730021145,0
54,90855,636,2,0.26444880184503267,1
64,35896,522,9,0.595789382263368,0
31,75761,659,39,0.3299224483742929,1
20,82552,628,0,0.1566044851244997,1
18,140075,762,28,0.41054006582562874,1
22,97454,681,33,0.10440364770995184,1
43,146522,468,12,0.3524313278983958,1
31,138681,516,0,0.25384438193638925,1
56,110600,677,33,0.7295676673597066,1
44,142732,418,28,0.04874297737657596,1
26,132153,489,12,0.5552139312845936,1
32,142926,669,28,0.14620093278994872,1
32,47935,448,38,0.25523605946579186,1
43,57641,787,23,0.3324112504496528,1
59,49711,673,25,0.7264120714999794,0
30,90342,459,16,0.19406261285906012,1
68,126896,650,6,0.07304704203573618,1
49,32182,587,12,0.2549516831924189,0
56,107833,587,4,0.08374077642842669,1
66,76276,525,25,0.10287718876844201,1
69,39541,822,2,0.45908047838002136,1
49,114457,821,6,0.04872154647959466,1
21,102310,572,38,0.024744705114852827,1
47,64813,701,0,0.5715312811763983,1
54,57198,482,16,0.28931767587283563,1
40,28820,787,24,0.10030027938709862,1
56,44070,423,2,0.2028902166877666,0
62,89768,713,14,0.5136692058819192,1
32,31122,471,28,0.22042925371268096,1
60,100559,587,31,0.39561690009632633,1
46,93543,734,25,0.09735624538133783,1
53,103441,412,15,0.4704749100843576,1
30,61786,421,24,0.25286214707461124,1
49,114934,843,27,0.5015747476229733,1
24,119804,521,8,0.6467159058432184,1
68,26737,338,0,0.48931713551199396,0
39,56062,796,28,0.23659805007601653,1
45,74237,532,21,0.20459496123864032,1
19,71571,829,15,0.26193676698675844,1
59,45510,448,6,0.13169641058920387,0
62,39426,696,13,0.14493748068001608,0
23,57265,601,28,0.6325528815201343,1
45,37850,659,18,0.307786061205956,1
45,138249,537,18,0.34879614445646867,1
61,86150,535,1,0.47523957245344894,1
61,107312,502,14,0.47172279612123813,1
37,109613,555,2,0.05390149721754059,1
47,94910,534,10,0.6652326290701325,1
28,72375,644,29,0.14186124257915153,1
45,141826,833,39,0.5784573088397351,1
42,55435,765,17,0.6181367905025333,1
56,116443,840,1,0.571919627273051,1
50,77132,512,31,0.46318211724331615,1
18,98945,762,7,0.011687197687106288,1
44,102050,735,21,0.2883003938905366,1
69,149828,582,5,0.48387154349006495,1
30,115402,762,11,0.309961036738031,1
58,22983,706,39,0.6907839159302505,1
20,117241,387,35,0.2470418202796923,1
56,40662,343,14,0.23482783396692836,0
23,43510,760,27,0.2127981544741264,1
25,98187,577,17,0.2662246951686364,1
44,60998,720,1,0.44592397145134977,1
26,76846,652,12,0.5656122354180727,1
54,114071,814,14,0.5300543341910281,1
50,26640,318,19,0.6461742559851837,0
68,64547,322,28,0.7087311963979399,0
59,74620,712,28,0.652863233874681,1
61,35317,329,2,0.01515632269948366,0
41,135608,407,18,0.588734362841591,1
32,27564,666,2,0.1667196588946653,0
49,47345,580,13,0.10634243416638611,1
49,133824,427,39,0.5107910278393084,1
41,114223,528,3,0.25579455632615594,1
58,143372,410,10,0.04569373069635461,1
69,99273,435,30,0.11010378751868909,1
66,94859,661,31,0.0007435334959688512,1
66,100765,485,26,0.7225789018757659,1
69,130017,428,29,0.01969438707299087,1
29,94038,560,1,0.16756461560760885,1
56,143618,814,8,0.3330102245503259,1
19,72393,748,27,0.28525706076065527,1
20,86081,403,30,0.7293807015302206,1
66,145341,782,33,0.032231156587633696,1
54,122650,523,14,0.4097717661416413,1
66,49430,790,24,0.5443835700194992,1
34,95532,772,35,0.7453583789449351,1
66,47788,309,7,0.49629700169897684,0
19,115505,704,8,0.6430041888094102,1
19,68543,601,36,0.06697995027627872,1
45,33919,530,38,0.3087516087495419,1
40,89346,365,31,0.299157707583254,1
54,116122,411,16,0.7090305731645742,1
49,59974,312,34,0.12109693701061995,1
50,127309,692,36,0.12150893786930422,1
18,36371,799,18,0.2628465199086388,1
36,65084,533,28,0.043572837893470065,1
19,49629,613,6,0.14596643252199204,1
61,71184,311,27,0.7721677108365882,0
43,81916,508,8,0.3425471518937383,1
49,147293,313,27,0.5056153667379492,1
23,93972,717,5,0.5808890074757096,1
49,82187,736,28,0.2935691256057604,1
21,32984,676,16,0.11778165952841357,1
28,53039,319,15,0.16526481297742468,1
34,105431,369,22,0.2506131812644883,1
55,103691,510,30,0.5088547362817806,1
41,78606,400,2,0.31862443927124356,1
22,30616,431,20,0.005451758320102496,1
69,122665,680,25,0.4187257480539775,1
51,125373,431,35,0.7372107135259344,1
23,70072,319,36,0.6496620888069433,1
39,44574,835,21,0.6601690970077049,1
28,23430,526,11,0.6360464140849049,0
65,139123,453,12,0.25898466048833896,1
33,32676,768,10,0.6121550670035136,0
50,30816,704,15,0.1145290862489544,1
26,52733,501,7,0.5261729178207628,1
23,105680,337,39,0.5132548533479956,1
33,22050,487,39,0.020455839271787735,1
46,129996,356,1,0.6303761068727454,1
20,53933,319,29,0.7225984840761045,0
37,44951,572,29,0.21393222277768614,1
53,52413,418,11,0.6499125793489208,0
36,54801,815,9,0.06592477748955856,1
43,75619,520,10,0.47997428660885283,1
20,52913,825,14,0.3885174922674217,1
36,132573,814,15,0.43673882664720004,1
37,139076,635,16,0.7409641615074761,1
49,60600,354,25,0.6970521977974828,0
24,77775,799,1,0.6280669257918057,1
69,110816,835,11,0.2189587661426968,1
58,149972,461,25,0.7294549029488734,1
50,110093,458,22,0.07800615397110021,1
57,132590,487,17,0.6826633732470303,1
56,55400,359,31,0.26252805788288625,1
35,24494,618,37,0.0430178493295867,1
57,100688,510,2,0.5354855873925987,1
18,142744,705,37,0.18502394265276437,1
28,109431,408,2,0.19485690069170555,1
45,94691,375,29,0.2448377329830172,1
42,117419,841,0,0.050947814002013384,1
67,128730,613,29,0.14170171535860324,1
40,63001,416,31,0.004111702068448242,1
48,87364,318,27,0.35632761688462944,1
47,144988,731,20,0.06740430193437703,1
59,65028,649,12,0.5461220840353592,1
52,127434,482,26,0.18849828095331872,1
24,117659,412,35,0.7548593152281418,1
33,57573,482,6,0.6970013019189221,0
43,20806,780,21,0.23155271597456661,1
65,144343,445,9,0.6265723637253431,1
69,76638,412,38,0.642595923731845,1
66,148301,775,14,0.7892504912915284,1
19,146295,602,14,0.478271989476548,1
18,126506,417,3,0.06557258771492976,1
65,49757,460,31,0.5174697831411048,1
29,54636,700,22,0.4999837987008282,0
22,100097,497,5,0.5106804619363454,1
54,68280,559,23,0.24571651848336923,1
49,44262,346,19,0.6877436680642663,0
26,100435,698,36,0.7675777463643296,1
58,82211,377,19,0.17417001038252122,1
52,74842,423,11,0.07052172650931557,1
36,148583,374,32,0.15562802653478727,1
65,76979,436,27,0.6564417114045751,0
33,134524,699,7,0.541315707855878,1
20,101470,804,0,0.5088378738713013,1
37,58197,799,36,0.3214345080875396,1
41,61844,437,21,0.4622623772091486,1
50,84754,349,5,0.24629930021949395,1
41,121868,553,20,0.38176006353436903,1
69,54157,725,31,0.6344504226965247,1
28,97129,846,34,0.7849932779643698,1
66,60042,601,14,0.7459911388718415,0
25,81665,648,4,0.7470927542769991,1
53,135512,348,5,0.32177898787768994,1
55,136953,373,24,0.37503190440543277,1
57,102856,560,39,0.5645083170951852,1
37,47376,655,28,0.7377535424410274,0
52,129049,559,6,0.11359540748166773,1
65,75554,594,39,0.24339349106175662,1
42,34199,612,12,0.11139747567528763,1
52,138533,481,37,0.4896068239675643,1
42,101412,663,17,0.24504079751003005,1
46,70948,487,1,0.26088628201005876,0
35,93781,842,7,0.0567327675903834,1
63,92750,847,10,0.27983684944607357,1
35,86262,707,32,0.6899972059212683,1
19,137424,713,37,0.18645824951266798,1
52,66600,641,26,0.5561499729680526,1
33,96898,519,19,0.5037026759508741,1
58,82483,462,11,0.6907876866952923,1
53,38297,519,30,0.1058303581208306,1
50,50448,569,26,0.7820719682760346,0
21,46172,699,31,0.4661029168322925,1
50,62874,481,9,0.7963793218774515,0
31,27657,504,2,0.7292117806926807,0
38,104386,527,26,0.17721381769048464,1
65,145617,549,34,0.04492960792265049,1
37,45425,740,30,0.20451127503628924,1
25,46685,832,14,0.4220509191995359,1
24,142000,495,15,0.137277093652152,1
20,132855,818,12,0.13396779561439082,1
34,44578,369,34,0.3700748376841225,1
50,48831,698,10,0.02661437693548674,1
65,27906,502,20,0.09751046602581637,0
29,81413,447,10,0.33268907152635807,1
68,74028,771,29,0.05050392736637317,1
39,27287,498,34,0.3174040451644235,1
39,53660,725,21,0.37920501275875607,1
63,95758,791,37,0.3610132912584916,1
47,80504,441,30,0.6953398859224699,0
55,79720,612,13,0.42404996404138595,1
55,122979,464,23,0.37438436998243474,1
62,54701,613,31,0.328567396313333,1
68,103300,320,35,0.6540987026435889,1
25,130177,381,31,0.7160452831998665,1
44,37674,430,14,0.6825939753576941,0
44,103560,604,34,0.5388372625051127,1
51,131543,670,2,0.10988939677493939,1
38,43874,683,15,0.2214959755936098,1
47,63642,744,4,0.036850450945581946,1
50,143867,724,20,0.7446592599920914,1
45,117820,460,9,0.5286388237527283,1
64,85160,477,18,0.5970903074505932,1
50,37602,789,24,0.24925739166578317,1
22,123320,626,3,0.676522817821874,1
65,108801,588,28,0.20768262696678283,1
36,45931,653,18,0.0013150056899597475,1
21,114377,327,1,0.3011319700165552,1
52,49192,342,9,0.45660918476725876,0
66,66542,722,24,0.38296388637241807,1
34,147015,476,19,0.6896609140612777,1
61,62520,828,18,0.08432422876493356,1
45,84772,793,22,0.44305875250698046,1
47,78762,497,23,0.41038347985672596,1
46,70106,816,10,0.22511438573773043,1
63,101121,813,33,0.6577824900616085,1
23,45559,321,27,0.602278924705765,0
52,125595,411,4,0.5862873498654648,1
58,53742,356,4,0.7009539826156449,0
54,89669,365,20,0.578227680497217,1
41,100199,397,11,0.18547303337178117,1
46,41754,443,3,0.5644501693197529,0
66,23972,734,19,0.24616225071187509,1
63,90831,385,37,0.19373972027797645,1
48,132217,643,24,0.05840287431970186,1
52,61873,593,13,0.5952228642781414,1
50,114661,542,10,0.568800769559849,1
69,126532,331,31,0.187599582139275,1
38,146267,690,10,0.5995032133793248,1
49,29903,576,17,0.7342727064748424,0
40,23020,831,26,0.08642316599326341,1
50,61755,453,17,0.18610931070941997,1
20,105956,682,22,0.6002086352698525,1
35,106988,367,10,0.2196053388056626,1
42,65648,513,20,0.4997311794269734,0
59,123537,675,4,0.06493137957097161,1
48,145991,512,22,0.361761983282831,1
20,29516,378,24,0.5912731375943625,0
57,132863,680,9,0.549211154434602,1
63,135005,357,21,0.6520576805406455,1
41,22396,325,18,0.7019617012825351,0
67,104082,746,0,0.6185468010070067,1
49,39129,365,6,0.5372701943511408,0
64,148322,553,3,0.02537799345282492,1
39,21591,343,0,0.4279733387275553,0
40,31303,396,14,0.030158179931882235,1
19,50561,526,39,0.6464542536928182,1
44,91719,735,11,0.2565796195679661,1
59,138618,678,21,0.44994349929433675,1
19,112108,477,21,0.2235562458551221,1
43,148748,726,16,0.626000115504235,1
34,119616,606,28,0.7092020213135221,1
57,144165,803,13,0.3189139953704512,1
50,106231,567,19,0.6903379148087913,1
26,27314,307,32,0.21366000596506593,0
60,137071,807,14,0.4277287384604191,1
65,39623,775,11,0.6870091438709632,1
56,87675,596,39,0.2607050740926323,1
46,132992,463,19,0.7632338120624687,1
59,116826,784,29,0.0975036014251069,1
43,85082,371,37,0.014620055778804986,1
52,149839,537,2,0.7233082820625526,1
67,103624,403,27,0.054918932918297796,1
42,125228,509,25,0.7935113567579934,1
41,53130,767,29,0.761117489583285,0
30,71756,753,12,0.10961672802905653,1
24,117624,567,12,0.4300677005540527,1
53,46292,685,1,0.14793623797371547,1
62,131785,686,36,0.3425241384240959,1
37,147331,558,37,0.04914010340786615,1
18,106206,582,1,0.17913967023727162,1
25,89274,339,35,0.29061823711911966,1
63,22469,785,25,0.3509180001968439,1
33,73947,519,10,0.7819970065671146,0
31,42534,428,7,0.646292516547185,0
29,83620,819,39,0.589927955449557,1
68,68874,559,21,0.4296330517935794,1
40,69708,665,19,0.6719982084834748,1
32,94553,843,7,0.2714582685245689,1
45,88344,823,28,0.5671192902186529,1
51,69138,315,39,0.7950271803025377,0
19,74302,428,25,0.25170312714815907,1
49,67638,408,29,0.5392140279071739,1
40,98249,832,16,0.675451891321906,1
39,125865,568,19,0.7326460666805379,1
68,22719,461,15,0.5743461527520815,0
42,42890,559,6,0.226886338733709,1
39,97236,401,15,0.26102572125515716,1
39,56509,805,26,0.016606425699171368,1
66,62534,546,22,0.6087087821372078,1
69,122302,836,23,0.0341916848495611,1
59,112241,430,8,0.6917218836821966,1
23,38787,652,34,0.09492849157963104,1
32,146209,495,19,0.1375012097087394,1
60,68845,681,36,0.38122117666578986,1
54,77932,526,16,0.5903043321349939,0
50,112124,775,30,0.11120176415926215,1
25,111659,776,7,0.3520568600531988,1
61,53062,564,14,0.38628101952808386,1
61,95713,671,30,0.16982851333487306,1
22,107263,785,29,0.09244670134450539,1
56,115756,733,19,0.6691367383885116,1
21,80461,510,38,0.4019725198102124,1
23,95418,676,11,0.01150498878732238,1
62,86672,694,16,0.6423850410472831,1
49,148232,749,29,0.7846350443316679,1
69,54832,663,28,0.48474095633139785,1
47,147335,756,18,0.4029667096672566,1
64,51966,525,10,0.7027326904359694,0
52,92545,430,33,0.762013431747679,1
57,32987,775,6,0.6036295327219685,0
69,57311,576,33,0.3563623437874303,1
33,51575,455,19,0.4737771194651524,1
30,83852,517,37,0.5607482920143995,1
67,147650,489,23,0.15541885680144116,1
59,21007,716,9,0.35776082577315044,0
47,90981,845,31,0.663857011773828,1
36,96242,340,14,0.5237802787987544,1
34,67517,606,36,0.3289632537694833,1
36,130022,637,19,0.5306900272117451,1
45,49257,613,2,0.09457792965796791,1
43,107272,374,36,0.32119808845190106,1
54,62207,578,39,0.6345028303704452,1
43,33281,475,7,0.17640702970931843,0
40,81246,572,39,0.14876920604593416,1
26,21435,588,22,0.7606549279331452,0
29,118875,571,39,0.16791810366898458,1
18,120686,365,10,0.20873486372013447,1
18,111357,782,7,0.7756927511234704,1
64,46660,547,28,0.5877668562120205,0
51,25084,455,29,0.5596772264188226,0
49,102197,346,9,0.6823411070836651,1
65,33507,753,38,0.09265846578943543,1
42,92595,500,27,0.5647649892640058,1
57,103807,423,35,0.4029508874625911,1
62,65539,300,12,0.6633205122273119,0
18,135953,490,31,0.40651337493215545,1
33,27491,815,35,0.49619308341512974,1
56,147706,741,36,0.3821937011196288,1
22,132831,442,25,0.3825271388446753,1
39,70192,490,21,0.6143759824494652,1
46,100395,832,3,0.5028531205178266,1
20,143797,526,30,0.5066105612875283,1
29,83888,612,17,0.3602259870652207,1
43,93609,601,37,0.4248875970700221,1
33,29077,759,23,0.5965741329638299,1
68,137440,700,22,0.6607527352895346,1
54,142901,692,21,0.557249121715237,1
39,40953,506,1,0.7392583910765466,0
46,96919,509,30,0.6562592705177608,1
31,134682,414,10,0.4494910318476148,1
45,141041,550,27,0.5371248581149896,1
22,87889,518,31,0.7410466215369569,1
64,43821,706,4,0.4953344353944467,1
66,57567,742,37,0.6598455583838646,1
47,135374,653,9,0.5510484028719896,1
63,44860,849,39,0.44154908884837324,1
69,41195,441,23,0.1934705563322825,1
22,97475,800,34,0.34079801557474254,1
29,110874,846,22,0.7741942598669725,1
33,107266,841,16,0.52621230661808,1
43,41427,806,0,0.4515163042711917,0
43,120732,580,30,0.7463653004225819,1
65,47083,723,30,0.469209424829959,0
38,107046,569,33,0.4208660147339224,1
56,77372,453,8,0.6074486841201643,1
53,143786,382,21,0.5701324951892356,1
50,64064,725,12,0.1545280067267462,1
47,27813,574,24,0.377046619659297,0
54,51598,583,17,0.3780123542556682,1
40,132718,472,11,0.30257961219467583,1
27,146879,626,39,0.41383478572180254,1
22,113106,362,16,0.3304859181817154,1
53,47082,372,14,0.1594763915769465,1
51,49241,674,14,0.32989318981974486,1
69,116214,807,14,0.05782155805854128,1
48,64569,697,38,0.4606286902195293,1
27,31745,419,12,0.6829236391528896,0
36,46029,736,16,0.5802296674836442,1
49,33025,764,31,0.288315232043289,1
18,121660,585,8,0.06965696446184655,1
22,143395,564,39,0.16171951938021661,1
62,34288,619,19,0.4363922723958686,0
21,109186,675,25,0.1656456667064263,1
33,26540,388,26,0.435178489027974,0
41,117768,502,20,0.18527921981111917,1
33,101958,633,17,0.6791390955808583,1
19,88878,521,12,0.3178171782723678,1
66,61846,340,15,0.19644050075559286,1
45,121148,367,8,0.6498609441976493,1
49,95932,813,11,0.2742711718443606,1
44,37482,426,37,0.08919015027102556,1
37,43411,554,18,0.4563275931229133,1
41,70975,315,6,0.465251363550391,0
29,80545,776,34,0.5717565401885873,1
67,132302,361,17,0.19217554656670846,1
52,98797,731,15,0.3550170712737961,1
50,72307,567,38,0.225894335234125,1
50,23093,334,3,0.0647629888925505,0
68,97258,793,24,0.7012910616127134,1
60,42042,768,31,0.5830958435906729,1
54,72930,624,39,0.24117044756704056,1
29,137584,603,12,0.47949839429758906,1
20,64413,575,16,0.16101103050757795,1
18,133387,500,36,0.7121892974366167,1
50,113623,744,5,0.09192507468952825,1
57,117883,623,18,0.003069716406240719,1
27,53756,334,12,0.4016065581913457,1
60,73268,781,25,0.46650225876229545,1
61,59214,779,13,0.46317225623664354,1
46,101871,364,30,0.04360954195026104,1
30,147844,307,3,0.251235045534746,1
29,48602,600,38,0.3993591574730655,1
48,73331,642,7,0.1732633485017927,1
63,68901,730,24,0.6981007083887172,1
19,119986,723,12,0.06968743156914724,1
68,83416,631,31,0.3899075533376343,1
67,52196,737,37,0.5531328460105217,0
52,148386,473,37,0.20940088010758595,1
40,25626,826,27,0.4993925895980145,1
34,27424,325,29,0.6635081201138997,0
43,32857,705,2,0.15226958007603805,1
25,130459,531,27,0.7337764734598903,1
46,135621,832,2,0.4428468261298864,1
43,39982,849,33,0.23938560344084847,1
27,96961,804,15,0.3446866203058166,1
43,21980,478,21,0.24975350702911037,0
51,68290,431,31,0.5800889279466529,1
68,46431,754,37,0.6370405307321058,1
58,104976,647,7,0.6663499138549289,1
24,127288,839,7,0.7886145996685929,1
21,102711,705,5,0.6330274339973468,1
67,134187,375,13,0.48110725655085074,1
62,46385,791,31,0.27137623871342703,1
28,58158,493,34,0.4356763589685995,1
46,43019,461,9,0.032854538232324336,1
53,38639,646,2,0.5958600604239305,0
42,105530,660,11,0.35676443607368147,1
38,119911,386,30,0.016018583785750096,1
53,41563,561,28,0.05000555320832865,1
27,59341,513,4,0.30997317105740535,1
54,135672,561,24,0.4667372152147481,1
26,25776,582,30,0.3713631591617014,1
41,56444,766,20,0.49536345383372393,1
52,88916,679,19,0.3842354070330847,1
66,28711,661,38,0.5293630763850774,1
52,94318,748,21,0.1753008517366407,1
65,102970,740,3,0.09027454974689714,1
53,132301,392,12,0.477147163700528,1
35,105553,723,19,0.38775161354904597,1
66,50707,441,12,0.021494123235948237,1
56,59110,590,16,0.3043855083944287,1
49,149410,731,35,0.0849004683927964,1
41,81788,348,32,0.4250854654021562,1
40,102879,601,0,0.31662214372834463,1
49,58827,489,14,0.49052152888241435,1
54,127188,435,12,0.6444817750161906,1
29,25655,703,16,0.23973494707319265,0
66,64859,640,23,0.769681683332022,1
30,73625,617,7,0.4285076004700596,1
40,72098,662,26,0.4946326390038304,1
42,35251,681,22,0.5445378985805897,1
52,142413,532,7,0.5333852238860718,1
58,20526,643,7,0.4087765944360497,0
47,88760,848,25,0.34301143289174685,1
34,67837,828,12,0.043025571341902324,1
66,145133,482,38,0.017668676240943794,1
37,149478,340,36,0.28636895562621173,1
65,31536,696,27,0.2669287125069541,1
42,48541,793,24,0.3101561238712054,1
39,99083,632,15,0.11069456071055202,1
30,71027,426,1,0.5905346164294749,0
36,54531,300,17,0.6855715318209912,0
66,28712,467,16,0.750971708299228,0
53,124101,318,29,0.3938898428157007,1
29,85455,631,38,0.5606925593003429,1
58,94744,755,12,0.6844408987486981,1
36,141787,408,31,0.33463288887478876,1
29,149749,567,28,0.2475302358963555,1
26,25109,744,29,0.7493796446827922,0
24,141332,539,17,0.4125412408616585,1
45,69268,600,12,0.3978031092727024,0
31,120737,402,20,0.1427328772507966,1
48,74615,549,29,0.0865240116586854,1
69,102503,752,20,0.6736854899868093,1
36,143274,819,16,0.49130654095001447,1
64,49759,452,39,0.26065966721555894,1
33,105708,473,18,0.15338897391221318,1
22,80112,642,14,0.44439782413570517,1
52,122471,730,8,0.4671354314089083,1
29,146740,623,9,0.16559488099604655,1
42,143153,719,30,0.6811245983131792,1
69,46589,784,22,0.06741149292468088,1
38,50015,711,29,0.2848744681331374,1
53,49009,383,32,0.5443075310100177,1
40,103309,412,8,0.21929629105536055,1
33,146446,631,0,0.6621401558250175,1
56,82046,677,34,0.5918942612803229,1
62,126661,340,10,0.6312182756385074,1
59,46143,404,33,0.09528522870137301,1
56,26154,501,15,0.11243770239643434,0
31,41804,749,8,0.2291789901956669,1
48,61688,565,31,0.4144617321580489,1
22,84288,509,14,0.598412861359522,1
52,71195,417,11,0.6692247126087228,1
40,40581,676,32,0.5634682527657444,1
46,72648,839,13,0.7428775052245107,1
60,50087,383,7,0.5909948076927443,1
28,69930,753,7,0.24501430960369178,1
35,52981,813,26,0.2120650274708581,1
64,89298,686,11,0.556953960240872,1
29,66167,649,0,0.15429645495169142,1
26,95304,595,39,0.07417184864821591,1
27,63408,557,10,0.42577829988495514,1
61,59499,380,38,0.6573132558231642,0
34,145816,567,30,0.08110387397589083,1
55,72269,718,16,0.6335130590365834,1
24,58559,534,32,0.6492576034812385,1
63,134126,610,31,0.38581920006523485,1
30,94319,656,28,0.04584824800838945,1
57,131925,512,20,0.13967188099774913,1
59,115317,348,20,0.565941020129546,1
26,116347,426,39,0.5694223559927596,1
67,68787,522,22,0.7186842201341324,0
44,55488,578,5,0.4661489172436663,0
19,94441,707,21,0.09928589417102192,1
22,94663,804,37,0.09713192440397772,1
46,42431,593,36,0.576905885885459,1
54,81681,576,7,0.14702773208632092,1
55,83483,737,34,0.2627083996932843,1
36,142720,406,10,0.38976960553753115,1
25,69153,719,23,0.019811902060920962,1
65,26368,728,20,0.1990552216159455,0
62,47424,674,1,0.32631168680582406,1
18,132360,372,39,0.22370905479456502,1
39,65004,329,18,0.10909626197405267,1
69,103869,487,38,0.5824098062369579,1
34,108652,663,27,0.650518124134388,1
24,132755,750,16,0.20598318091497989,1
42,76985,494,5,0.6195355956850427,0
62,70069,455,18,0.3084428515210511,1
21,72326,471,37,0.40534863268320226,1
53,128737,340,27,0.6848008599145223,1
23,101061,362,1,0.5999629454419263,0
48,43398,322,37,0.6440934810529422,0
36,118393,659,36,0.10947613326908545,1
61,70861,374,3,0.055775540666983585,1
56,95897,417,21,0.7147237832703897,1
44,101905,679,25,0.3102674156568755,1
27,147118,589,35,0.2303037424557447,1
43,88577,739,12,0.5797570034094596,1
36,85641,306,31,0.6691324772638854,1
56,29078,495,16,0.6899916975186408,0
20,45003,720,35,0.2527977129001819,1
62,82768,492,18,0.6817699129613393,1
30,71047,447,34,0.032747155499476314,1
67,91626,501,39,0.0397291931677751,1
45,77660,743,27,0.4988153561393236,1
37,124386,718,0,0.05048509529243699,1
45,69786,726,17,0.2596873348081292,1
25,21925,778,39,0.5382047889975392,1
58,103976,774,32,0.26981351684338106,1
56,125221,425,11,0.14367982515207675,1
18,137832,694,7,0.22508049748307332,1
20,145150,624,23,0.36606026580034545,1
30,46015,691,15,0.3803086842843859,1
45,53320,739,3,0.6264001850777616,0
66,84881,503,37,0.6001225835452101,1
42,110827,785,26,0.3654542436449082,1
50,140071,330,8,0.6765338792790172,1
55,122215,687,15,0.09138971087311668,1
23,46289,733,11,0.2042826801831212,1
61,148859,675,30,0.6623811708018013,1
62,23389,643,23,0.3023952309009225,1
49,45683,742,13,0.7849452470350737,1
62,33629,374,24,0.37300262522226835,1
64,81550,454,33,0.6335484983710113,1
38,44826,729,2,0.3218456331058976,1
33,120734,662,23,0.3399628152499443,1
38,46630,747,8,0.3063065178273468,1
28,118762,533,25,0.5752604964086494,1
54,66163,561,19,0.4380143072479956,1
53,118511,424,39,0.7550224890946953,1
52,86435,544,9,0.2007122532272838,1
36,31653,841,18,0.08045018566675549,1
37,47961,784,2,0.3146091880793722,1
35,101941,421,23,0.4933701661174208,1
64,94137,424,4,0.688639149532396,0
58,53662,848,2,0.27695750934426216,1
66,118818,469,26,0.5230294008995693,1
31,76446,423,15,0.28015894481857523,0
32,41288,334,14,0.4937756663955665,0
48,142555,386,34,0.7078463576245208,1
18,115081,500,11,0.18508611380752724,1
20,56877,668,25,0.32339331368563135,1
33,131562,376,33,0.7946121571437973,1
40,35313,358,22,0.6948456225995687,0
28,100885,730,30,0.4517118863169616,1
29,92715,799,19,0.4133020734834203,1
27,30326,408,11,0.2276803058437448,0
49,130091,577,22,0.41376754215482353,1
33,145836,367,3,0.6785451986239578,1
25,21560,368,22,0.5481396106222245,0
55,99148,464,0,0.23203522254238929,1
29,103186,788,24,0.16117113684282636,1
41,46745,604,1,0.2121668295974633,1
45,51890,664,29,0.13580736111426123,1
25,40022,678,2,0.07651255681897276,1
45,143629,642,20,0.335308939553644,1
53,72579,653,24,0.09063968351861416,1
43,90316,715,19,0.1375300461816835,1
25,103847,408,21,0.4378597474715889,1
67,48380,796,20,0.1316794189596598,1
45,130198,640,32,0.05110381394472228,1
45,22356,682,37,0.25391108002230817,1
54,90326,832,14,0.17625527889757403,1
58,112447,599,14,0.41224415039550144,1
53,134994,438,24,0.08189366766656746,1
44,109899,658,20,0.6014166301463826,1
34,40049,798,23,0.724986815548111,1
26,95717,684,4,0.5947481391649555,1
50,125361,579,5,0.42626162992111544,1
37,36082,782,22,0.6885342574311082,0
30,20661,410,3,0.555934703825206,0
45,57412,438,26,0.008440897960151883,1
65,134015,734,17,0.3152721222196025,1
46,143191,808,20,0.6807615195254401,1
30,22920,572,27,0.27668708638021544,0
63,111194,398,34,0.0281721388204188,1
52,134306,403,21,0.5969437108418179,1
23,80315,513,39,0.6416306162262949,1
35,99561,464,22,0.12847495603464684,1
68,28946,819,2,0.429872397474545,0
22,114242,583,39,0.15356435119658063,1
64,65500,816,9,0.5753875352353174,1
42,124540,463,24,0.21724036414198855,1
19,36309,363,7,0.25297209805066406,1
27,75230,390,10,0.6759766829120811,1
47,131822,416,4,0.38105788176552347,1
67,118656,566,36,0.5358035609745982,1
62,143782,439,37,0.3218984405779741,1
22,50027,545,28,0.23840548575500434,1
50,146768,694,4,0.5003824483397291,1
18,92541,786,8,0.12388605926305703,1
35,132340,775,1,0.2983998684534904,1
49,134846,816,0,0.16722962990873783,1
64,79321,483,39,0.5566359735525964,1
66,20956,319,29,0.7553670706768861,0
28,120375,823,10,0.7964087744126931,1
38,94131,828,27,0.36022144835327263,1
43,67908,446,11,0.20202431170915558,1
42,98339,603,38,0.35426349630745935,1
39,145659,527,25,0.6778155279701791,1
44,45963,401,12,0.16480454284163193,0
66,121757,716,7,0.7616765213223391,1
30,59443,515,27,0.2734926150385208,1
50,119259,706,29,0.788642927560244,1
51,59063,698,8,0.6708871100271698,0
58,134225,798,38,0.6468564273179123,1
52,136400,764,30,0.25432373901862687,1
18,100818,381,20,0.007021769558343572,1
38,24703,664,33,0.30570632706079026,1
65,85128,462,30,0.24144749573015495,1
23,92099,347,24,0.029917592327037834,1
45,45849,810,11,0.40429220520474374,0
34,51860,628,0,0.3224250490261893,1
22,51585,415,21,0.5076451741932199,0
48,42015,636,39,0.4969490577552666,1
22,97539,446,36,0.0965973087173441,1
55,63585,622,0,0.7815724369012981,0
20,46958,742,0,0.14954514355315754,1
40,46017,312,20,0.3562192198117637,1
54,96707,793,14,0.39049403474698796,1
54,144677,586,16,0.6504502377712962,1
27,65350,413,21,0.07938367687571742,1
27,32201,779,37,0.34291542336682546,1
36,49426,321,34,0.5028017361889632,1
34,37778,648,15,0.17212449729924445,1
38,65241,619,7,0.5019743190128583,1
31,62229,425,16,0.7389318700397222,0
26,106652,576,16,0.79801450493814,1
63,148267,503,25,0.025960861432540575,1
18,138402,493,12,0.188470582595742,1
68,68364,846,16,0.24824569263335797,1
62,118833,585,37,0.3193008803559729,1
30,146503,356,16,0.19380572606781393,1
21,149044,602,13,0.16279039564425002,1
18,104878,462,5,0.763643073934,1
66,77056,318,34,0.7348172822164143,1
57,47490,669,13,0.037594000802493976,1
49,147769,563,7,0.2710504172838785,1
51,39975,412,14,0.3241188429427253,1
45,46723,787,26,0.19121162773275469,1
48,43279,626,12,0.5030983175905405,0
25,98301,841,30,0.5123045973153929,1
56,132214,364,34,0.6804033826628777,1
43,31561,591,5,0.5926954147081743,0
51,127435,324,4,0.4340586615727645,1
20,86061,848,21,0.5228694160355359,1
67,108397,300,22,0.21919102523441447,1
29,69153,848,24,0.47444495197388614,1
18,53142,440,33,0.3913818037999354,1
61,46916,487,25,0.10667557385309633,1
22,84324,427,4,0.1940354212663766,1
47,64965,500,25,0.23335476057726884,1
47,145932,426,19,0.7394476536420465,1
34,24648,556,5,0.18430931150871155,0
65,55133,846,5,0.23139512225573455,1
64,70677,493,17,0.2954833040715458,1
40,116059,403,3,0.5309941909003096,1
32,114588,834,16,0.09459071397771242,1
54,119950,564,13,0.7631561699950209,1
38,118317,683,13,0.6924569760758117,1
31,90135,559,12,0.46177285840716015,1
19,55046,713,6,0.5392302939399655,1
28,67064,657,14,0.013328376995372794,1
68,121459,374,18,0.27115582027875895,1
56,126625,654,34,0.6365281845291536,1
55,89350,487,16,0.06198637903390872,1
51,65893,589,34,0.22585106736857619,1
55,121520,344,18,0.46823746266744903,1
67,145818,382,19,0.20513042215915345,1
51,81272,422,35,0.7471823793156154,1
35,112152,657,34,0.1048469046434323,1
47,142907,827,31,0.6379154863262229,1
32,87649,365,39,0.40635895352512663,1
44,84674,674,23,0.6002646206559649,1
68,144132,461,16,0.24857226264915797,1
51,139044,679,6,0.411591681849631,1
69,128542,657,0,0.6854682797785411,1
55,33760,487,34,0.37350247929848357,0
50,41927,621,31,0.2877758895282157,1
41,106475,749,35,0.42892430900218886,1
32,81367,773,12,0.5738902024290935,1
47,117955,312,5,0.3548506763988022,1
59,32588,483,13,0.7511015801138184,0
68,141750,410,36,0.23595665923387366,1
34,121678,807,14,0.38037088493529636,1
22,124734,589,3,0.6055421274731532,1
46,138154,594,39,0.5512968723966066,1
21,72233,750,15,0.6909128419337249,1
27,64738,514,27,0.7974473445448872,0
34,53397,326,15,0.34148666303607167,0
27,102189,530,3,0.08892070382664947,1
34,96367,620,25,0.02433270464637438,1
37,144873,532,27,0.5815015249118173,1
41,91260,736,31,0.6992109370469726,1
22,140585,832,1,0.17657006875553494,1
51,96619,702,30,0.12675842975192478,1
23,131453,352,2,0.04976407322055279,1
19,39816,612,7,0.6581623373737652,0
30,62240,580,23,0.24910555191406747,1
60,26276,330,14,0.3213575142078212,0
60,133939,636,30,0.4022001532876899,1
65,124199,482,8,0.6715625873676406,1
28,99530,322,38,0.520666577249188,1
68,43499,843,1,0.4920517038862491,1
64,108576,745,7,0.14053767996472857,1
40,128856,373,6,0.41055191336786384,1
33,102495,309,38,0.5723048137429242,1
48,141717,783,15,0.7786087064243934,1
28,91635,755,34,0.16112504737068178,1
33,127803,459,29,0.007634682453781317,1
25,105112,313,9,0.0602411468787758,1
21,55946,477,37,0.3006819721455834,1
57,75204,711,17,0.6564357181967897,1
21,71886,352,4,0.005713665414596037,1
42,91652,707,28,0.36538447430867227,1
20,35563,321,38,0.2633844922731156,0
49,112324,329,33,0.041985368079782065,1
20,112464,559,22,0.3601890293380938,1
44,121872,504,4,0.20379896586937507,1
46,29847,358,29,0.2815078674776052,1
49,46155,770,5,0.5644922438274345,0
67,99671,765,3,0.4172407871287737,1
68,136891,311,28,0.09971794319425067,1
36,103310,589,22,0.7691316323389112,1
38,87278,653,5,0.5087286125677907,1
22,38309,374,31,0.6126947405300253,0
35,20619,740,17,0.06337052000669666,1
45,103194,540,14,0.03764670356801512,1
59,70108,453,39,0.015558440294464938,1
39,54707,395,31,0.15103522221875557,1
38,40337,593,8,0.3315267181747961,0
23,145261,508,36,0.7486609067222583,1
18,101537,642,9,0.3656477274126211,1
22,86504,387,19,0.23220408429802353,1
58,67614,689,5,0.4495482028157307,1
29,111428,624,2,0.0895476625078314,1
43,111155,456,10,0.4876047128039866,1
63,20281,436,16,0.45474556346440265,1
51,47420,727,31,0.6335944267245678,1
66,100896,751,3,0.7893500892936194,1
31,59030,440,3,0.20069877737288844,1
43,21058,382,16,0.40772516064300857,0
62,106213,476,18,0.7270923250552029,1
44,96260,497,4,0.6281519075382731,1
26,48404,720,31,0.3899250424806461,1
43,123482,700,21,0.7562973196918223,1
64,125284,770,5,0.04578935481344751,1
39,49856,517,34,0.7447988957700673,0
64,29200,474,21,0.04040591390624524,1
47,84178,322,0,0.4378437952917475,1
60,53997,534,19,0.7123527584008686,1
65,45611,312,21,0.21017675484904227,0
34,139273,400,10,0.37779879915612685,1
43,61235,835,12,0.2594631033095733,1
53,137428,822,2,0.7617151336610811,1
18,55057,751,8,0.6589164758024727,0
25,21239,730,11,0.5672012090611037,0
66,123674,832,22,0.470101589292087,1
52,134474,592,13,0.6564734314593186,1
69,85661,400,32,0.3138136332188377,1
32,146945,801,17,0.35804148408484954,1
64,65272,603,8,0.5840013768646892,1
39,109393,839,22,0.2862038106349714,1
31,81212,654,9,0.05112075363869906,1
43,144088,602,18,0.05946768710885717,1
45,35398,795,4,0.0922902410445631,1
40,140030,526,22,0.6957450586749303,1
31,76503,535,29,0.3777811406049635,1
41,26638,754,24,0.5703058954757892,0
19,26570,312,27,0.31432746848391463,0
62,88785,509,33,0.2069687579325076,1
43,29110,696,24,0.27775373404976955,1
31,125899,399,9,0.6353458762537469,1
68,99141,330,13,0.5001729000251506,1
24,32115,827,29,0.7501118239663217,0
20,59062,628,24,0.5437638228614672,1
64,42911,465,13,0.4561453054037552,0
40,124061,758,34,0.4881568071886676,1
63,52556,399,33,0.7538971515747317,0
60,98131,472,9,0.6305607438933649,1
64,148335,461,34,0.019232989893150254,1
62,21969,562,10,0.4273117569085578,0
35,63753,573,10,0.5506707292372519,1
55,102811,302,20,0.5989587827513241,1
52,24470,327,20,0.17051369545114936,0
68,141863,625,21,0.6937418835610818,1
32,30225,448,6,0.7646745177401311,0
42,127860,839,16,0.18937224467589583,1
54,143008,787,1,0.7060923660137967,1
45,127510,737,11,0.07758301001287632,1
27,128295,364,17,0.04456546889219615,1
56,43196,655,10,0.1033790400821995,1
34,125823,832,15,0.0461928635736288,1
56,33669,551,17,0.6760097897246208,0
39,57380,534,34,0.04724011556661756,1
43,144398,526,25,0.2173313530909244,1
61,130677,824,15,0.08300507482868512,1
42,135886,612,5,0.23633762905101197,1
34,146753,348,11,0.07244757408073639,1
30,68320,417,12,0.5344026005944112,0
37,67414,353,3,0.10666145307406012,1
42,123542,343,38,0.6814767406711103,1
21,35577,352,1,0.6537528405813129,0
27,145354,824,25,0.010929348376487536,1
20,108009,401,26,0.7165810844120917,1
58,146365,697,26,0.02315545339469365,1
62,75409,437,14,0.1917166279660453,1
35,48625,686,7,0.025911310220796048,1
64,101040,410,6,0.2686747896314528,1
53,44089,316,39,0.4110932205706173,1
64,56487,481,11,0.6373158952121105,0
39,85838,835,12,0.2703852403758689,1
51,116999,840,16,0.5643920197384934,1
64,130448,470,16,0.15000356569518428,1
25,114795,708,35,0.6004787653953012,1
57,70138,677,20,0.18879728472739005,1
66,62823,487,7,0.11483580475501434,1
61,57208,529,4,0.14832708029924344,1
36,74061,418,25,0.1456505031054843,1
59,50659,455,15,0.41029030350159296,1
58,149824,764,35,0.6758380649505169,1
54,121376,403,27,0.06368406159400451,1
23,51890,801,28,0.5655650547947382,1
69,99134,474,11,0.5234771677222861,1
43,67055,720,36,0.69801596146349,1
51,132269,433,29,0.1953180484055258,1
62,39508,690,22,0.36008788694802374,1
23,62287,800,15,0.740661899554814,0
54,98916,332,13,0.5279947601082537,0
50,46984,354,9,0.31101473028927756,0
39,130169,818,6,0.10512990628421477,1
38,28125,311,36,0.20998800632047285,1
23,56059,827,28,0.46497238199150664,1
23,89569,672,2,0.574534358048411,1
65,123409,783,14,0.0995375094815148,1
21,37087,527,35,0.47967780803524324,0
47,126437,606,18,0.4402810230710008,1
28,135262,756,12,0.41116435735256646,1
47,25704,459,20,0.5520984941456064,0
48,80576,630,36,0.6699596760667695,1
41,93384,524,26,0.2583917465414947,1
26,107128,803,28,0.7112097520887676,1
20,131279,755,19,0.12850689009484056,1
68,92460,344,24,0.13841909580093148,1
48,47208,513,5,0.21341765089913914,1
57,138516,358,35,0.09562469563766225,1
54,149612,494,1,0.18425537974630207,1
53,105150,788,21,0.08512941032227568,1
41,86024,456,31,0.6574019335883123,1
48,59882,525,15,0.11117519350929968,1
23,45923,711,17,0.5978380460478855,1
19,146561,504,4,0.038331094330667,1
37,134044,378,35,0.7588162620111322,1
45,121477,423,29,0.5689280700222129,1
28,49165,770,18,0.005437238868889427,1
21,87203,517,22,0.6110852001601712,1
32,111749,815,33,0.4112655366129483,1
23,24114,403,12,0.6234921362680959,0
66,84965,692,28,0.4179974471124708,1
47,56321,733,35,0.5128198861082838,1
55,93297,630,21,0.6290653243160325,1
68,116652,442,35,0.3240864436702854,1
19,119304,839,8,0.002166519856361671,1
32,133942,577,38,0.6799571967561509,1
28,45426,532,18,0.3047122900997301,1
25,37772,828,37,0.3968341808132665,1
43,123754,389,5,0.006213313723174974,1
68,23712,791,14,0.3936736082800784,0
62,21367,498,19,0.7891899212573836,0
61,126493,661,8,0.22261412865501573,1
22,127317,740,31,0.31633461619390246,1
23,135142,325,3,0.5497519971749413,1
43,111736,324,17,0.651834934018927,1
21,71924,693,4,0.3339132992048803,1
36,23726,806,19,0.24773509632103405,1
37,109152,600,22,0.7502606399880537,1
50,47723,638,10,0.5417159733373355,1
37,146969,566,36,0.09521704359451287,1
66,123110,760,21,0.0551423025077189,1
29,120494,755,3,0.38683988063229524,1
64,29108,659,28,0.17607205283781796,1
18,97714,367,33,0.20318780270100278,1
43,55643,711,12,0.7021537430622786,1
31,51324,790,8,0.07165281945304854,1
55,123896,348,30,0.5722912921831117,1
54,103360,401,6,0.21691380270447047,1
28,130896,515,3,0.6082625771233102,1
53,28927,737,18,0.5779291075708357,0
30,113680,458,29,0.00591352115543442,1
60,116546,788,30,0.4073083303372793,1
20,42443,541,34,0.1114555859024371,1
50,99973,304,20,0.6929816244629414,1
23,83449,660,30,0.6972687062899253,1
67,129834,758,18,0.33467664599500646,1
27,125314,547,30,0.35551649476086444,1
22,96743,721,31,0.2426263515236217,1
40,141805,314,1,0.5732850391680249,1
27,80233,421,9,0.2869290904211673,1
61,45537,576,1,0.21423397961810703,1
19,121293,752,1,0.3457848476036066,1
30,97576,689,23,0.07319001470996699,1
57,127522,593,16,0.597282563715363,1
19,42612,745,31,0.01007712101742957,1
37,113977,509,15,0.5155880492164752,1
18,26471,601,15,0.14629162140389793,0
54,55631,522,38,0.18592323697153051,1
26,148449,302,30,0.508505598912032,1
34,128997,817,23,0.7943547726263258,1
26,112059,392,0,0.6221739912580406,1
28,51348,819,10,0.1806717057787136,1
32,84732,727,20,0.14081980403290703,1
41,21177,792,3,0.6929862962141363,0
55,24760,534,6,0.35534715833720343,0
52,52779,460,25,0.10964224226252438,1
47,41636,630,11,0.6897691386575505,1
48,101889,632,30,0.6528738823314092,1
66,73551,349,16,0.7871250911177309,0
22,31556,822,32,0.7277949493701472,1
61,47598,791,10,0.6814322709284334,0
67,31563,571,27,0.042059518248802524,1
31,66819,551,31,0.08353229559849443,1
28,129326,389,0,0.4551865554432983,1
26,93770,745,27,0.4251833970254567,1
51,111055,631,6,0.3663705715916284,1
29,46966,438,1,0.3174314603316674,0
52,140133,656,23,0.3449683878914631,1
52,101709,573,3,0.4554383473078362,1
18,79889,318,18,0.0016612140800649656,1
57,46987,610,25,0.20856701930628177,1
39,98714,453,10,0.4146237765509689,1
46,124874,689,39,0.577772878938917,1
25,78348,559,10,0.13932535391631706,1
28,44596,424,2,0.43750493902994636,1
58,53174,653,11,0.5715677471086255,0
54,84106,572,2,0.35570212633112375,1
31,127510,544,26,0.02166490693604084,1
47,89967,749,1,0.3594145267725094,1
52,79182,546,15,0.2371559101953225,1
38,113300,819,1,0.7437196861610627,1
54,107163,440,29,0.09969070854266189,1
22,59310,661,19,0.5219807644057858,1
36,76088,307,37,0.042175813067600924,1
31,148803,777,27,0.35693635025015724,1
43,28906,651,24,0.44318358977606453,1
21,56914,794,31,0.23836394505349237,1
42,130350,726,9,0.36406050841630755,1
62,65379,338,39,0.1308430356241499,1
59,98612,486,32,0.24329907957442895,1
42,134828,392,12,0.49688505992816245,1
35,147445,385,36,0.2414400446889241,1
57,57650,343,15,0.7197944627270974,0
25,66881,436,21,0.5027255661127918,1
56,66413,720,19,0.3509192147487876,1
57,26012,373,26,0.03100554844334598,1
31,70115,847,15,0.399638668163737,1
49,27151,811,33,0.6118209937000714,0
68,77716,455,31,0.2124460784099309,1
55,113747,554,25,0.6454188557190139,1
50,112653,470,24,0.2014454128407052,1
40,56378,469,1,0.6589971103606405,0
32,62652,621,11,0.06821467328934193,1
50,92430,755,39,0.6929469670952236,1
42,33467,454,8,0.3993491607466644,1
34,51010,648,11,0.2372300716962096,1
50,148647,750,25,0.21209060033211902,1
64,141999,472,8,0.3456084471442902,1
19,134793,309,9,0.799239598482916,1
31,74691,564,31,0.17626191475006606,1
57,84157,737,33,0.0825733191031997,1
57,128177,546,19,0.46802813497492957,1
68,32289,845,38,0.3908339731522057,1
56,64976,798,1,0.4193570168506459,1
68,63596,428,0,0.5335483340457737,1
23,43171,626,35,0.21371525589651946,1
23,120441,703,23,0.7285319963071109,1
20,146296,658,26,0.34853765289783234,1
24,106365,316,1,0.10326895611396943,1
68,138218,573,30,0.5938390053871555,1
25,119590,415,13,0.5144834820942802,1
59,134014,390,1,0.2525947219872297,1
69,64139,381,28,0.49721497922723884,1
32,68713,623,14,0.1758895650951815,1
64,49734,413,11,0.35587148747242364,0
46,92588,357,36,0.7195300177338603,1
50,83646,453,27,0.10682738652859954,1
69,23654,703,19,0.3093571599899696,0
47,109022,565,38,0.6569139397762779,1
56,38743,614,23,0.7755927195249426,0
44,68368,340,20,0.36314090913743674,0
53,110025,404,9,0.40559969611467794,1
46,94172,492,13,0.4577375694270158,1
55,26441,700,36,0.7458785133069687,1
50,139735,577,17,0.6865654327816239,1
54,44611,653,23,0.13648089969731547,1
44,139891,555,13,0.34940625427766003,1
50,127971,398,33,0.37120034255714107,1
21,32149,581,11,0.6312768893190054,0
39,120102,702,21,0.4823143060843482,1
19,79189,408,5,0.5233763696232104,1
27,127904,498,35,0.7985599261324942,1
22,41675,602,35,0.059968034776010454,1
27,91031,626,21,0.1784078588269864,1
50,62668,453,13,0.32631674989723747,1
55,33673,704,15,0.27822592243910976,1
30,149582,761,35,0.017316449077586872,1
48,96666,431,24,0.07342208517694067,1
64,108204,383,31,0.544762633122861,1
53,100758,698,32,0.7034595706900486,1
62,85429,408,35,0.4113816090127821,1
41,43669,520,19,0.4313528636109064,0
69,54068,667,17,0.20407474626590352,1
32,108789,446,37,0.6143010909069692,1
46,29435,411,2,0.6014356698938051,0
25,114088,793,22,0.47069255137412536,1
22,72249,804,31,0.1701314292090743,1
46,57384,774,15,0.07761457458967157,1
64,148782,570,4,0.051390860685700715,1
21,101929,720,3,0.47415685331430224,1
29,147959,666,20,0.66002825531424,1
62,96153,579,39,0.6866643454247399,1
19,124056,582,13,0.3708976594747599,1
44,95388,339,38,0.6274170394453735,1
48,51401,488,30,0.7575041570728189,0
68,145511,463,13,0.22013608999045442,1
68,91831,835,5,0.31836827710460575,1
53,139503,835,11,0.7451831940773446,1
53,135760,303,15,0.2705847738538279,1
43,121529,589,16,0.7311010322574371,1
60,147834,732,22,0.7848358898035727,1
44,54084,770,13,0.5294485828595398,1
22,140387,480,6,0.6535122316033347,1
37,130641,547,31,0.5996364513768682,1
28,125111,578,14,0.559627406092419,1
27,75826,553,16,0.24554485838498608,1
57,56451,480,33,0.045675470326354974,1
55,27227,808,4,0.2744413860157205,0
23,51910,625,26,0.5335487881631253,1
25,56041,656,22,0.08202335858224111,1
40,108920,690,39,0.009534386382593674,1
64,85681,384,13,0.11175389808235092,1
43,123314,616,14,0.5725887411286362,1
63,101571,511,32,0.7782349613251552,1
60,85481,814,30,0.7864517596918564,1
29,88576,683,34,0.39518331931215034,1
43,127958,641,16,0.695481840793878,1
30,149265,337,27,0.5894611646012032,1
57,147556,810,18,0.40083218958768274,1
35,84174,719,22,0.45820842636406944,1
42,46160,468,31,0.10978171729349687,1
50,135170,642,39,0.7501291684932737,1
64,137867,605,12,0.28154381658542144,1
57,37633,841,19,0.3569194051657356,1
60,114880,836,34,0.537328184798319,1
29,37014,411,4,0.26712197722124315,1
61,100532,710,8,0.20340732879114443,1
53,69104,505,28,0.5048395146161765,1
65,61621,484,5,0.019987265825479564,1
21,97231,681,24,0.5765800896213431,1
22,88388,795,30,0.41121869590120785,1
54,36014,678,21,0.48460298441674754,1
25,112578,346,1,0.5055041273975082,1
59,53755,827,4,0.421640125194051,1
66,60390,803,26,0.4660270219525888,1
45,43711,321,24,0.5470305607118997,0
48,111658,512,7,0.6024950777437393,1
26,77993,609,0,0.5819619130288964,1
68,94696,571,19,0.6956931661858095,1
46,47213,501,22,0.1515547465339222,1
31,135788,331,31,0.32091837559343805,1
57,124956,742,10,0.7582368528115657,1
58,77784,461,38,0.3172724595090638,1
39,27421,553,23,0.09989606152473814,1
28,106936,820,10,0.42035610108974364,1
40,119073,779,28,0.08759277804356974,1
18,37727,309,25,0.16228259098229217,1
63,132418,804,15,0.7986550052567654,1
54,24358,735,34,0.4330901107169056,0
38,85108,410,19,0.22724671123234322,1
43,146609,452,2,0.7958199636591249,1
63,114018,401,0,0.7732471348441146,0
53,144457,490,0,0.35259123286741084,1
40,52117,380,16,0.20832248703032674,1
18,108700,788,1,0.670719710473752,1
68,51910,387,28,0.5724965735774287,1
57,146888,493,19,0.5495531480028083,1
32,118032,403,5,0.7144909930579781,1
38,75754,395,7,0.5515337070970597,1
64,82438,722,28,0.22703835443323933,1
26,129847,497,32,0.5550905295005858,1
26,49371,300,2,0.24465080902693118,0
27,71501,706,34,0.6073911837255961,1
69,80946,677,4,0.49579828359325284,1
43,58467,466,26,0.06192924158780047,1
58,37625,808,11,0.41026828994811365,1
52,53893,612,19,0.27464077535659276,1
69,96329,717,19,0.2628565061858354,1
42,51007,776,8,0.48180504190180584,0
43,111302,372,38,0.2578598595755399,1
28,59532,440,3,0.6215149985638981,1
55,74253,561,18,0.05663314880893955,1
19,32323,639,37,0.5283106019166603,0
24,131335,607,26,0.647355842925393,1
35,132356,544,12,0.5382653519363441,1
44,130944,814,12,0.3977833560159966,1
51,93379,636,21,0.760245610988945,1
44,34210,375,27,0.2399507918384509,1
34,36456,474,21,0.015334310019982223,1
60,51367,408,18,0.3455914971707527,0
61,74624,482,7,0.0264095487202618,1
68,30106,491,7,0.763149402021127,0
41,123493,364,25,0.1679344365984412,1
42,88008,773,25,0.6311416191591036,1
24,145926,399,22,0.619657666539492,1
69,135395,843,12,0.17418311974634682,1
23,136492,427,27,0.49698122438413384,1
41,92240,751,8,0.03846317478916017,1
50,84315,668,19,0.386859668563094,1
66,89249,342,18,0.01171770181798939,1
46,90587,718,38,0.7369151041446735,1
60,30756,787,11,0.7808688193596574,0
39,88011,377,14,0.17782621331086823,1
43,56378,569,30,0.16648482767709824,1
45,24255,614,13,0.6029761412497038,0
67,34484,467,10,0.2027035190634676,0
38,145703,638,25,0.7160612473294761,1
66,76549,492,26,0.45914330889838584,1
24,54503,752,10,0.2806220984082497,1
34,144465,582,37,0.6661549970795361,1
37,93794,635,33,0.39472536033071615,1
58,145941,689,18,0.7293063309667804,1
66,126283,824,5,0.7424113893835048,1
37,120732,539,37,0.13233612170272746,1
39,65113,782,27,0.001858724905544218,1
45,125730,757,0,0.7871447521139219,1
57,94069,388,34,0.7249100289019835,0
66,118117,394,39,0.044356188563073135,1
24,25249,751,7,0.666427411152856,0
18,145654,727,6,0.3662439460473653,1
49,139979,450,10,0.2071692840199802,1
30,39201,813,38,0.7029972189415439,1
47,145541,675,3,0.1573337859122458,1
40,78576,321,24,0.7578399995360536,0
68,138562,612,11,0.16449719015947287,1
36,145281,818,25,0.4909465501829948,1
49,29686,505,37,0.1784690676231799,1
47,132413,674,11,0.43653493197490784,1
46,73363,750,36,0.547180103932113,1
66,117543,478,23,0.15218234465611005,1
62,20661,509,15,0.4167086261605434,0
46,64843,799,12,0.3752477955120952,1
47,115673,763,24,0.056829937122672994,1
33,80963,423,3,0.6546462541402424,1
57,133092,412,10,0.2685459205142734,1
36,62828,311,31,0.45966575804150367,1
35,68604,425,6,0.41182738794650753,1
18,30526,630,10,0.4106084036563538,1
31,88910,582,27,0.08577791536678997,1
68,45592,439,22,0.3387856073994662,1
64,48982,700,22,0.3618934073652562,1
67,20207,396,27,0.5869142722915588,0
19,120969,816,25,0.6720150655365589,1
45,137181,368,24,0.4359858224800144,1
66,108733,417,28,0.06942636325199239,1
67,118936,358,18,0.189479576477237,1
47,144982,332,32,0.13194722148218485,1
55,145839,617,35,0.0996920505512998,1
68,88619,349,13,0.29271943889424606,1
21,49328,788,13,0.18351480172350565,1
18,66479,318,34,0.17464248944920985,1
25,128427,496,29,0.04375453966101413,1
46,40103,749,27,0.014136035836347106,1
56,59891,751,16,0.08221459411982544,1
20,30754,588,2,0.13775798353890645,0
49,119983,440,15,0.34478698307856254,1
27,101437,383,29,0.4084162090390757,1
27,118540,690,28,0.11247353453869247,1
36,92982,514,14,0.33982667321934906,1
63,122747,825,24,0.27339907386074186,1
51,75922,514,37,0.14673891479836484,1
50,68231,702,37,0.0054725985186908415,1
40,49301,427,22,0.37361429321739337,1
45,111652,776,24,0.5485213994121595,1
49,140787,703,6,0.18102186731504563,1
67,146823,328,21,0.1054454639173435,1
24,82711,637,16,0.7096341955575696,1
46,61323,660,17,0.22001981799023823,1
25,38752,691,9,0.17889009583413185,1
18,117912,517,9,0.6856775516879328,1
20,102205,501,6,0.653685679333409,1
41,118452,316,37,0.3586771764197069,1
40,33395,621,26,0.39139108914221965,0
25,105957,817,32,0.1741989638672176,1
64,141237,624,0,0.062641336383646,1
54,76273,711,33,0.4587454602845289,1
20,147431,617,3,0.07867593727217051,1
68,111878,381,16,0.35941963756531986,1
50,24895,773,3,0.7523977588104086,0
45,139968,767,25,0.7622675113364675,1
64,135700,724,3,0.1914658292378869,1
25,96559,503,0,0.4992907360365235,1
51,30699,686,6,0.37926101128628614,0
52,85061,397,29,0.7005481020688848,1
49,29715,644,8,0.21714469142084258,1
41,39169,507,34,0.0029619254659334795,1
31,145436,813,7,0.13004896474513208,1
49,138413,465,23,0.27961824093551846,1
63,36163,321,18,0.2525769038163909,1
60,139264,453,35,0.6330903352983088,1
33,25782,738,26,0.5444485329110703,0
21,108177,594,31,0.23964505569191782,1
69,149772,518,13,0.36619505373297073,1
54,144481,794,17,0.07644728316666818,1
38,104328,529,27,0.7185171558560807,1
31,135028,319,28,0.7483398595588273,1
48,55585,447,15,0.7838428283047505,0
65,50682,407,34,0.6948422646286702,0
35,67864,702,30,0.13916871015698043,1
24,149992,782,3,0.03695718656130307,1
27,104416,666,36,0.4636773819301392,1
24,75114,713,16,0.7300840215064883,1
50,147810,608,38,0.14188108932779428,1
40,58067,433,25,0.005634331699313488,1
38,62685,582,38,0.6443968368257955,1
36,142262,372,3,0.0614365474293872,1
65,38073,780,29,0.33096482552802436,1
36,56035,651,29,0.543109869751028,1
53,84977,625,21,0.18943806836494412,1
46,122710,742,10,0.06717005075738136,1
35,110373,399,1,0.616016982764663,1
19,103362,358,11,0.5041400679096332,1
18,110517,807,29,0.7907923875894438,1
64,85450,557,35,0.27544642665596747,1
22,30382,712,17,0.04940990903215976,1
37,24437,751,25,0.5874800282682366,0
28,90971,364,6,0.41738673508259655,0
59,84612,453,0,0.17056314511130807,1
19,110355,565,25,0.6253831912038076,1
20,81929,378,22,0.163004388679955,1
40,122411,614,25,0.20852932386634926,1
29,117518,547,5,0.07402284349337532,1
37,118864,713,5,0.31954582322468356,1
22,32329,324,7,0.3351433791499352,0
54,145605,583,23,0.41164943227863876,1
55,45169,748,21,0.567171413699022,1
47,107468,600,18,0.7248807429443407,1
26,54594,367,36,0.11018727911024691,1
51,96957,306,17,0.04347847867892565,1
61,80631,436,30,0.014824986875466628,1
52,65033,463,36,0.11489710245505301,1
69,83133,382,29,0.5263595886253007,1
39,93165,719,32,0.5819816623971973,1
61,93861,372,9,0.6292045708224978,1
41,72290,536,36,0.19496656952347413,1
34,114031,345,11,0.24471585060921594,1
27,51750,561,29,0.38650771645239956,1
47,115155,475,26,0.050546477488181196,1
63,60461,465,38,0.48891321856899694,1
40,93800,669,8,0.7869880269406062,1
49,98222,353,20,0.2886450491024021,1
34,132020,718,11,0.6022779800731072,1
67,44226,806,28,0.4000271324556864,1
68,26721,640,32,0.1022494754883062,1
34,76154,426,14,0.4657899590420691,1
31,40609,708,1,0.23989941475525198,0
26,72130,666,38,0.027522566762766588,1
57,92909,570,17,0.507943784094195,1
19,124211,678,2,0.6871458794597821,1
62,75249,372,6,0.2758158135198993,1
42,68895,547,17,0.3122364377702164,1
56,114473,342,37,0.7128173463737693,1
26,25656,676,36,0.6508870506938847,0
39,144865,340,32,0.5719622588414217,1
60,94520,469,30,0.19903765100251836,1
63,83740,511,10,0.7281733239733157,0
21,84309,792,3,0.1235326060313704,1
43,49984,338,17,0.5014164155337775,0
46,138947,668,3,0.023040944437214963,1
62,93822,450,33,0.5149758450599567,1
51,25901,410,28,0.2217154814986879,0
40,51552,779,23,0.359741581746976,1
54,111245,735,21,0.2762116416456425,1
28,51055,346,1,0.13820540499696793,1
23,57685,665,5,0.4975846320750993,1
35,93965,368,24,0.705580444112486,1
